[
  {
    "grupo": "120363377267726783@g.us",
    "usus": []
  },
  {
    "grupo": "120363132562172546@g.us",
    "usus": []
  },
  {
    "grupo": "120363384115618173@g.us",
    "usus": []
  },
  {
    "grupo": "120363326830555579@g.us",
    "usus": []
  },
  {
    "grupo": "120363392930403795@g.us",
    "usus": []
  },
  {
    "grupo": "120363372940684056@g.us",
    "usus": []
  },
  {
    "grupo": "120363317479389649@g.us",
    "usus": []
  },
  {
    "grupo": "120363360925326896@g.us",
    "usus": []
  },
  {
    "grupo": "120363417696345206@g.us",
    "usus": []
  },
  {
    "grupo": "120363290151469129@g.us",
    "usus": []
  },
  {
    "grupo": "120363350215263345@g.us",
    "usus": []
  },
  {
    "grupo": "120363417072880072@g.us",
    "usus": []
  },
  {
    "grupo": "120363418773690870@g.us",
    "usus": []
  },
  {
    "grupo": "120363388939865038@g.us",
    "usus": []
  },
  {
    "grupo": "120363419005021608@g.us",
    "usus": []
  },
  {
    "grupo": "120363400381314100@g.us",
    "usus": []
  },
  {
    "grupo": "120363420629937765@g.us",
    "usus": []
  },
  {
    "grupo": "120363399145841914@g.us",
    "usus": []
  }
]