[{"id":"558299668686@s.whatsapp.net","nick":"Victor Gabriel","level":2,"contador":130},{"id":"554399827762@s.whatsapp.net","nick":"$ 𝒇𝒍𝒆𝒙𝒂🦅","level":1,"contador":0},{"id":"558184096628@s.whatsapp.net","nick":"Ayla Bot Eternity","level":1,"contador":16},{"id":"5517997631364@s.whatsapp.net","nick":"ı.am vnzzkkj","level":1,"contador":12},{"id":"5511947862897@s.whatsapp.net","nick":"🇧🇷 L D C Host 🇧🇷","level":1,"contador":4},{"id":"558287216898@s.whatsapp.net","nick":"Deivid 👍🏻","level":1,"contador":0},{"id":"559187218772@s.whatsapp.net","nick":"Pietro Delas","level":1,"contador":0},{"id":"554799195164@s.whatsapp.net","nick":"Kelvin ▁ⓥᴾᴿᴼ","level":1,"contador":3},{"id":"5524999056299@s.whatsapp.net","nick":"ﾠﾠﾠﾠﾠﾠﾠﾠﾠﾠﾠﾠﾠﾠﾠﾠﾠfriez 𖣂","level":1,"contador":0},{"id":"556493000211@s.whatsapp.net","nick":"Theus","level":1,"contador":0},{"id":"559193106345@s.whatsapp.net","nick":"Lk","level":1,"contador":10},{"id":"556299569526@s.whatsapp.net","nick":"cjzkᵗˢᵗ.⁹³⁸⁹⁰⁹","level":1,"contador":21},{"id":"5511965908058@s.whatsapp.net","nick":"KATANA BOT V.1","level":1,"contador":0},{"id":"559870091812@s.whatsapp.net","nick":"As","level":1,"contador":0},{"id":"558894891020@s.whatsapp.net","nick":"𝐂𝐚𝐫𝐥𝐨𝐬 𝐒𝐨𝐮𝐬𝐚","level":1,"contador":0},{"id":"554891212513@s.whatsapp.net","nick":"Silvia  🦋Siln","level":1,"contador":0},{"id":"5513982189399@s.whatsapp.net","nick":"Victor Gabriel","level":1,"contador":43},{"id":"5511964648527@s.whatsapp.net","nick":"Victor único","level":1,"contador":0},{"id":"559181492986@s.whatsapp.net","nick":"ℒica  W Hyun ♥︎","level":1,"contador":0},{"id":"553171769092@s.whatsapp.net","nick":"Felipe🥏","level":1,"contador":0},{"id":"555180526789@s.whatsapp.net","nick":"ა𝕥ҽᲩ ꭐ̲ ʝⲓ࣪ᩥაo꯭𑄝ׁׅ  🐰","level":1,"contador":0},{"id":"558182166913@s.whatsapp.net","nick":"《Pombo》 《Bot》","level":1,"contador":0},{"id":"5521972123929@s.whatsapp.net","nick":"erik","level":1,"contador":0},{"id":"5521978602772@s.whatsapp.net","nick":"jotta'","level":1,"contador":0},{"id":"5519995999218@s.whatsapp.net","nick":"?ZerØPhoenix¿ ᵏᵏᵍʳ","level":1,"contador":0},{"id":"5516981783325@s.whatsapp.net","nick":"TᴙAꙅHx","level":1,"contador":11},{"id":"555196133413@s.whatsapp.net","nick":"fael '🏌️","level":1,"contador":1},{"id":"558491619740@s.whatsapp.net","nick":"ᷧᷟᷠᷡᷡᷚᷛᷜᷝᷞᷗᷢᷡᷩᷨᷰᷱᷲᷳᷴᷭᷫᴏͦ ʙᷨʀͬᴜͧxͯᴏͦ","level":1,"contador":0},{"id":"558896393233@s.whatsapp.net","nick":"Renato","level":1,"contador":0},{"id":"5513991200703@s.whatsapp.net","nick":"Ricardo","level":1,"contador":0},{"id":"5521967040978@s.whatsapp.net","nick":"𝗣𝗼𝗿𝘁𝘂𝗴𝗮𝗹 𝕸𝖆𝖑𝖛𝖆𝖉𝖔 𝟕 🍀","level":2,"contador":161},{"id":"554284330348@s.whatsapp.net","nick":"Non-existent contact","level":1,"contador":0},{"id":"6283172101415@s.whatsapp.net","nick":"?ZerØPhoenix¿ ᵏᵏᵍʳ","level":1,"contador":0},{"id":"5527996298911@s.whatsapp.net","nick":"Portugal","level":1,"contador":0},{"id":"558288279194@s.whatsapp.net","nick":"Victor Gabriel","level":1,"contador":2},{"id":"5521971983758@s.whatsapp.net","nick":"Vitukjk","level":1,"contador":1},{"id":"5511954738489@s.whatsapp.net","nick":"Laércio Cerqueira","level":1,"contador":0},{"id":"553899393900@s.whatsapp.net","nick":"João Pedro","level":1,"contador":0},{"id":"559182577902@s.whatsapp.net","nick":"ᴍʀ.ɴɪɴᴊᴀ ッ","level":1,"contador":0},{"id":"558281788853@s.whatsapp.net","nick":"ana alicya","level":1,"contador":0},{"id":"558288696616@s.whatsapp.net","nick":"júlia","level":1,"contador":0},{"id":"558293357394@s.whatsapp.net","nick":"Lavinia","level":1,"contador":0},{"id":"5511919779217@s.whatsapp.net","nick":"Kaleb 𖣂","level":1,"contador":4},{"id":"556697216571@s.whatsapp.net","nick":"max","level":1,"contador":4},{"id":"5511968053559@s.whatsapp.net","nick":"Vitinho","level":1,"contador":0},{"id":"558282081066@s.whatsapp.net","nick":"💎★᭄ꦿ᭄ꦿJαℯℒ₷ℴท★᭄ꦿ᭄ꦿ💎","level":1,"contador":9},{"id":"556196697514@s.whatsapp.net","nick":"🇻🇦","level":1,"contador":0},{"id":"380960120195@s.whatsapp.net","nick":"Rick","level":1,"contador":0},{"id":"5511964752915@s.whatsapp.net","nick":"Fantasma Mods","level":1,"contador":0},{"id":"556481310187@s.whatsapp.net","nick":"@𝚖𝟺𝚝𝚑𝚡𝚢𝚣_ </>","level":1,"contador":0},{"id":"5521976789771@s.whatsapp.net","nick":"Victor Gabriel","level":1,"contador":0},{"id":"556892509169@s.whatsapp.net","nick":"Michael Myers Alone","level":1,"contador":0},{"id":"5511974172784@s.whatsapp.net","nick":"Katana Bot ll","level":1,"contador":0},{"id":"553399285117@s.whatsapp.net","nick":"Hiudy Founder of Cognima Team","level":1,"contador":0},{"id":"5515981368264@s.whatsapp.net","nick":"Nazu","level":1,"contador":0},{"id":"258870300972@s.whatsapp.net","nick":"CYBER RÚSSIA","level":1,"contador":19},{"id":"5511950318547@s.whatsapp.net","nick":"INFRA - ELÉTRICA - DATA CENTER","level":1,"contador":0},{"id":"553597376620@s.whatsapp.net","nick":"MALONE","level":1,"contador":0},{"id":"555399830226@s.whatsapp.net","nick":"bot grátis  • @malone_xss","level":1,"contador":0},{"id":"553499404731@s.whatsapp.net","nick":"Paulo Henrique","level":1,"contador":5},{"id":"558494275906@s.whatsapp.net","nick":"𝘽𝙞𝙞𝙣𝙣𝙝𝙤𝙤𝙭𝙙❼","level":1,"contador":5},{"id":"5521988262630@s.whatsapp.net","nick":"🜲 ꪡꪱⳑⳑ °⛥° ᶜʳᶠ ⁸¹˟¹⁹˟²²","level":1,"contador":1},{"id":"5521997820971@s.whatsapp.net","nick":"DMPLAY","level":1,"contador":0},{"id":"553398499336@s.whatsapp.net","nick":"Alander Ferreira","level":1,"contador":1},{"id":"5519983224997@s.whatsapp.net","nick":"乇ﾚd乇丂","level":1,"contador":4}]